Class,transaction_count,avg_amount,min_amount,max_amount,std_amount
0,310065,87.24731158115362,0,25691.2,247.72986522738307
1,580,118.84284528268115,0,2125.87,257.7608328999648
